,RMSE,MAE,MAPE,R2,MBD
ma_3,468.0889999032335,364.83754385964903,6.683085669421994,-0.028508478908769286,-77.93122807017498
sarima,537.6483769936996,392.79759518328365,7.238458461723582,-0.3568995047003427,-61.21374652282109
naive,548.7630040516486,480.77315789473715,8.488587843486313,-0.41358085752853935,-296.82789473684244
arima,557.1631320052381,491.5397457832055,8.663356135337134,-0.4571885422223889,-311.90567690097095
ma_7,588.0662747449248,527.0072180451125,9.235976543050416,-0.6233178076225723,-364.4007518796987
ma_28,669.4935841269814,619.8354511278199,10.763467617454364,-1.103990839253235,-484.9614661654139
ma_14,770.9038187225611,724.4407142857153,12.490722673442512,-1.7896607988725788,-617.461466165415
seasonal_naive,877.4277495761779,720.1547368421055,12.707256037352849,-2.6138800724508213,-382.46842105263164
