Feature,Importance
Number_of_Customers_Per_Day,0.5732765548898449
Average_Order_Value,0.3638061311092695
Marketing_Spend_Per_Day,0.049254550723866516
Location_Foot_Traffic,0.005596728239438985
Operating_Hours_Per_Day,0.004172529298101377
Number_of_Employees,0.0038935057394787727
