Model,MAE,RMSE,MAPE,R2
Random Forest,178.11235032717298,220.1301733963706,13.666100151916737,0.9481389974949235
LightGBM,180.84091949875335,229.11074511518706,14.079408825646611,0.9438211723775806
XGBoost,188.0683811065674,233.88609907196783,14.308404950592523,0.9414548966174161
Linear Regression,244.20937415603075,312.36152602415444,19.424403614558273,0.895576840810998
