Model,MAE,RMSE,MAPE,R2
Random Forest,178.11235032717298,220.13017339637057,13.666100151916737,0.9481389974949235
LightGBM,180.84091949875335,229.11074511518706,14.079408825646611,0.9438211723775806
XGBoost,205.87935446166995,259.9070828349647,15.525291640692277,0.9277033812936437
Linear Regression,244.20937415603075,312.3615260241545,19.42440361455828,0.895576840810998
