Model,R2,MAPE,RMSE
XGBoost,0.9532725325177153,12.934658852651475,208.95138002593097
LightGBM,0.9508975410839506,13.20833252331354,214.19569715216983
Random Forest,0.946633657848837,13.744694781648818,223.30211679308456
